step,time,rain_volume,eta_volume,max_eta,min_eta
0,0.00,0.000000,0.000000,0.0000,0.0000
1,0.10,0.000000,0.000000,0.0000,0.0000
2,0.20,0.000000,0.000000,0.0000,0.0000
3,0.30,0.000000,0.000000,0.0000,0.0000
4,0.40,0.000000,0.000000,0.0000,0.0000
5,0.50,0.000000,0.000000,0.0000,0.0000
6,0.60,0.000000,0.000000,0.0000,0.0000
7,0.70,0.000000,0.000000,0.0000,0.0000
8,0.80,0.000000,0.000000,0.0000,0.0000
9,0.90,0.000000,0.000000,0.0000,0.0000
10,1.00,0.000000,0.000000,0.0000,0.0000
11,1.10,0.000000,0.000000,0.0000,0.0000
12,1.20,0.000000,0.000000,0.0004,-0.0004
13,1.30,0.000000,-0.000000,14.7425,-14.6623
14,1.40,0.000000,-0.000348,124045432.0000,-124045424.0000
15,1.50,0.000000,-20417181696.000000,3224817301610037248.0000,-3224817301610037248.0000
16,1.60,0.000000,-8531840245879013376.000000,14033232578037302954144101742673920.0000,-14033232578037302954144101742673920.0000
17,1.70,0.000000,-nan(ind),inf,-inf
18,1.80,0.000000,nan,inf,-inf
19,1.90,0.000000,nan,inf,-inf
20,2.00,0.000000,nan,inf,-inf
21,2.10,0.000000,nan,inf,-inf
22,2.20,0.000000,-nan(ind),inf,-inf
23,2.30,0.000000,-nan(ind),inf,-inf
24,2.40,0.000000,-nan(ind),inf,-inf
25,2.50,0.000000,-nan(ind),inf,-inf
26,2.60,0.000000,-nan(ind),inf,-inf
27,2.70,0.000000,-nan(ind),inf,-inf
28,2.80,0.000000,-nan(ind),inf,-inf
29,2.90,0.000000,-nan(ind),inf,-inf
30,3.00,0.000000,-nan(ind),inf,-inf
31,3.10,0.000000,-nan(ind),inf,-inf
32,3.20,0.000000,-nan(ind),inf,-inf
33,3.30,0.000000,-nan(ind),inf,-inf
34,3.40,0.000000,-nan(ind),inf,-inf
35,3.50,0.000000,-nan(ind),inf,-inf
36,3.60,0.000000,-nan(ind),inf,-inf
37,3.70,0.000000,-nan(ind),inf,-inf
38,3.80,0.000000,-nan(ind),inf,-inf
39,3.90,0.000000,-nan(ind),inf,-inf
40,4.00,0.000000,-nan(ind),inf,-inf
41,4.10,0.000000,-nan(ind),inf,-inf
42,4.20,0.000000,-nan(ind),inf,-inf
43,4.30,0.000000,-nan(ind),inf,-inf
44,4.40,0.000000,-nan(ind),inf,-inf
45,4.50,0.000000,-nan(ind),inf,-inf
46,4.60,0.000000,-nan(ind),inf,-inf
47,4.70,0.000000,-nan(ind),inf,-inf
48,4.80,0.000000,-nan(ind),inf,-inf
49,4.90,0.000000,-nan(ind),inf,-inf
50,5.00,0.000000,-nan(ind),inf,-inf
51,5.10,0.000000,-nan(ind),inf,-inf
52,5.20,0.000000,-nan(ind),inf,-inf
53,5.30,0.000000,-nan(ind),inf,-inf
54,5.40,0.000000,-nan(ind),inf,-inf
55,5.50,0.000000,-nan(ind),inf,-inf
56,5.60,0.000000,-nan(ind),inf,-inf
57,5.70,0.000000,-nan(ind),inf,-inf
58,5.80,0.000000,-nan(ind),inf,-inf
59,5.90,0.000000,-nan(ind),inf,-inf
60,6.00,0.000000,-nan(ind),inf,-inf
61,6.10,0.000000,-nan(ind),inf,-inf
62,6.20,0.000000,-nan(ind),inf,-inf
63,6.30,0.000000,-nan(ind),inf,-inf
64,6.40,0.000000,-nan(ind),inf,-inf
65,6.50,0.000000,-nan(ind),inf,-inf
66,6.60,0.000000,-nan(ind),inf,-inf
67,6.70,0.000000,-nan(ind),inf,-inf
68,6.80,0.000000,-nan(ind),inf,-inf
69,6.90,0.000000,-nan(ind),inf,-inf
70,7.00,0.000000,-nan(ind),inf,-inf
71,7.10,0.000000,-nan(ind),inf,-inf
72,7.20,0.000000,-nan(ind),inf,-inf
73,7.30,0.000000,-nan(ind),inf,-inf
74,7.40,0.000000,-nan(ind),inf,-inf
75,7.50,0.000000,-nan(ind),inf,-inf
76,7.60,0.000000,-nan(ind),inf,-inf
77,7.70,0.000000,-nan(ind),inf,-inf
78,7.80,0.000000,-nan(ind),inf,-inf
79,7.90,0.000000,-nan(ind),inf,-inf
80,8.00,0.000000,-nan(ind),inf,-inf
81,8.10,0.000000,-nan(ind),inf,-inf
82,8.20,0.000000,-nan(ind),inf,-inf
83,8.30,0.000000,-nan(ind),inf,-inf
84,8.40,0.000000,-nan(ind),inf,-inf
85,8.50,0.000000,-nan(ind),inf,-inf
86,8.60,0.000000,-nan(ind),inf,-inf
87,8.70,0.000000,-nan(ind),inf,-inf
88,8.80,0.000000,-nan(ind),inf,-inf
89,8.90,0.000000,-nan(ind),inf,-inf
90,9.00,0.000000,-nan(ind),inf,-inf
91,9.10,0.000000,-nan(ind),inf,-inf
92,9.20,0.000000,-nan(ind),inf,-inf
93,9.30,0.000000,-nan(ind),inf,-inf
94,9.40,0.000000,-nan(ind),inf,-inf
95,9.50,0.000000,-nan(ind),inf,-inf
96,9.60,0.000000,-nan(ind),inf,-inf
97,9.70,0.000000,-nan(ind),inf,-inf
98,9.80,0.000000,-nan(ind),inf,-inf
99,9.90,0.000000,-nan(ind),inf,-inf
100,10.00,0.000000,-nan(ind),inf,-inf
101,10.10,0.000000,-nan(ind),inf,-inf
102,10.20,0.000000,-nan(ind),inf,-inf
103,10.30,0.000000,-nan(ind),inf,-inf
104,10.40,0.000000,-nan(ind),inf,-inf
105,10.50,0.000000,-nan(ind),inf,-inf
106,10.60,0.000000,-nan(ind),inf,-inf
107,10.70,0.000000,-nan(ind),inf,-inf
108,10.80,0.000000,-nan(ind),inf,-inf
109,10.90,0.000000,-nan(ind),inf,-inf
110,11.00,0.000000,-nan(ind),inf,-inf
111,11.10,0.000000,-nan(ind),inf,-inf
112,11.20,0.000000,-nan(ind),inf,-inf
113,11.30,0.000000,-nan(ind),inf,-inf
114,11.40,0.000000,-nan(ind),inf,-inf
115,11.50,0.000000,-nan(ind),inf,-inf
116,11.60,0.000000,-nan(ind),inf,-inf
117,11.70,0.000000,-nan(ind),inf,-inf
118,11.80,0.000000,-nan(ind),inf,-inf
119,11.90,0.000000,-nan(ind),inf,-inf
120,12.00,0.000000,-nan(ind),inf,-inf
121,12.10,0.000000,-nan(ind),inf,-inf
122,12.20,0.000000,-nan(ind),inf,-inf
123,12.30,0.000000,-nan(ind),inf,-inf
124,12.40,0.000000,-nan(ind),inf,-inf
125,12.50,0.000000,-nan(ind),inf,-inf
126,12.60,0.000000,-nan(ind),inf,-inf
127,12.70,0.000000,-nan(ind),inf,-inf
128,12.80,0.000000,-nan(ind),inf,-inf
129,12.90,0.000000,-nan(ind),inf,-inf
130,13.00,0.000000,-nan(ind),inf,-inf
131,13.10,0.000000,-nan(ind),inf,-inf
132,13.20,0.000000,-nan(ind),inf,-inf
133,13.30,0.000000,-nan(ind),inf,-inf
134,13.40,0.000000,-nan(ind),inf,-inf
135,13.50,0.000000,-nan(ind),inf,-inf
136,13.60,0.000000,-nan(ind),inf,-inf
137,13.70,0.000000,-nan(ind),inf,-inf
138,13.80,0.000000,-nan(ind),inf,-inf
139,13.90,0.000000,-nan(ind),inf,-inf
140,14.00,0.000000,-nan(ind),inf,-inf
141,14.10,0.000000,-nan(ind),inf,-inf
142,14.20,0.000000,-nan(ind),inf,-inf
143,14.30,0.000000,-nan(ind),inf,-inf
144,14.40,0.000000,-nan(ind),inf,-inf
145,14.50,0.000000,-nan(ind),inf,-inf
146,14.60,0.000000,-nan(ind),inf,-inf
147,14.70,0.000000,-nan(ind),inf,-inf
148,14.80,0.000000,-nan(ind),inf,-inf
149,14.90,0.000000,-nan(ind),inf,-inf
150,15.00,0.000000,-nan(ind),inf,-inf
151,15.10,0.000000,-nan(ind),inf,-inf
152,15.20,0.000000,-nan(ind),inf,-inf
153,15.30,0.000000,-nan(ind),inf,-inf
154,15.40,0.000000,-nan(ind),inf,-inf
155,15.50,0.000000,-nan(ind),inf,-inf
156,15.60,0.000000,-nan(ind),inf,-inf
157,15.70,0.000000,-nan(ind),inf,-inf
158,15.80,0.000000,-nan(ind),inf,-inf
159,15.90,0.000000,-nan(ind),inf,-inf
160,16.00,0.000000,-nan(ind),inf,-inf
161,16.10,0.000000,-nan(ind),inf,-inf
162,16.20,0.000000,-nan(ind),inf,-inf
163,16.30,0.000000,-nan(ind),inf,-inf
164,16.40,0.000000,-nan(ind),inf,-inf
165,16.50,0.000000,-nan(ind),inf,-inf
166,16.60,0.000000,-nan(ind),inf,-inf
167,16.70,0.000000,-nan(ind),inf,-inf
168,16.80,0.000000,-nan(ind),inf,-inf
169,16.90,0.000000,-nan(ind),inf,-inf
170,17.00,0.000000,-nan(ind),inf,-inf
171,17.10,0.000000,-nan(ind),inf,-inf
172,17.20,0.000000,-nan(ind),inf,-inf
173,17.30,0.000000,-nan(ind),inf,-inf
174,17.40,0.000000,-nan(ind),inf,-inf
175,17.50,0.000000,-nan(ind),inf,-inf
176,17.60,0.000000,-nan(ind),inf,-inf
177,17.70,0.000000,-nan(ind),inf,-inf
178,17.80,0.000000,-nan(ind),inf,-inf
179,17.90,0.000000,-nan(ind),inf,-inf
180,18.00,0.000000,-nan(ind),inf,-inf
181,18.10,0.000000,-nan(ind),inf,-inf
182,18.20,0.000000,-nan(ind),inf,-inf
183,18.30,0.000000,-nan(ind),inf,-inf
184,18.40,0.000000,-nan(ind),inf,-inf
185,18.50,0.000000,-nan(ind),inf,-inf
186,18.60,0.000000,-nan(ind),inf,-inf
187,18.70,0.000000,-nan(ind),inf,-inf
188,18.80,0.000000,-nan(ind),inf,-inf
189,18.90,0.000000,-nan(ind),inf,-inf
190,19.00,0.000000,-nan(ind),inf,-inf
191,19.10,0.000000,-nan(ind),inf,-inf
192,19.20,0.000000,-nan(ind),inf,-inf
193,19.30,0.000000,-nan(ind),inf,-inf
194,19.40,0.000000,-nan(ind),inf,-inf
195,19.50,0.000000,-nan(ind),inf,-inf
196,19.60,0.000000,-nan(ind),inf,-inf
197,19.70,0.000000,-nan(ind),inf,-inf
198,19.80,0.000000,-nan(ind),inf,-inf
199,19.90,0.000000,-nan(ind),inf,-inf
200,20.00,0.000000,-nan(ind),inf,-inf
201,20.10,0.000000,-nan(ind),inf,-inf
202,20.20,0.000000,-nan(ind),inf,-inf
203,20.30,0.000000,-nan(ind),inf,-inf
204,20.40,0.000000,-nan(ind),inf,-inf
205,20.50,0.000000,-nan(ind),inf,-inf
206,20.60,0.000000,-nan(ind),inf,-inf
207,20.70,0.000000,-nan(ind),inf,-inf
208,20.80,0.000000,-nan(ind),inf,-inf
209,20.90,0.000000,-nan(ind),inf,-inf
210,21.00,0.000000,-nan(ind),inf,-inf
211,21.10,0.000000,-nan(ind),inf,-inf
212,21.20,0.000000,-nan(ind),inf,-inf
213,21.30,0.000000,-nan(ind),inf,-inf
214,21.40,0.000000,-nan(ind),inf,-inf
215,21.50,0.000000,-nan(ind),inf,-inf
216,21.60,0.000000,-nan(ind),inf,-inf
217,21.70,0.000000,-nan(ind),inf,-inf
218,21.80,0.000000,-nan(ind),inf,-inf
219,21.90,0.000000,-nan(ind),inf,-inf
220,22.00,0.000000,-nan(ind),inf,-inf
221,22.10,0.000000,-nan(ind),inf,-inf
222,22.20,0.000000,-nan(ind),inf,-inf
223,22.30,0.000000,-nan(ind),inf,-inf
224,22.40,0.000000,-nan(ind),inf,-inf
225,22.50,0.000000,-nan(ind),inf,-inf
226,22.60,0.000000,-nan(ind),inf,-inf
227,22.70,0.000000,-nan(ind),inf,-inf
228,22.80,0.000000,-nan(ind),inf,-inf
229,22.90,0.000000,-nan(ind),inf,-inf
230,23.00,0.000000,-nan(ind),inf,-inf
231,23.10,0.000000,-nan(ind),inf,-inf
232,23.20,0.000000,-nan(ind),inf,-inf
233,23.30,0.000000,-nan(ind),inf,-inf
234,23.40,0.000000,-nan(ind),inf,-inf
235,23.50,0.000000,-nan(ind),inf,-inf
236,23.60,0.000000,-nan(ind),inf,-inf
237,23.70,0.000000,-nan(ind),inf,-inf
238,23.80,0.000000,-nan(ind),inf,-inf
239,23.90,0.000000,-nan(ind),inf,-inf
240,24.00,0.000000,-nan(ind),inf,-inf
241,24.10,0.000000,-nan(ind),inf,-inf
242,24.20,0.000000,-nan(ind),inf,-inf
243,24.30,0.000000,-nan(ind),inf,-inf
244,24.40,0.000000,-nan(ind),inf,-inf
245,24.50,0.000000,-nan(ind),inf,-inf
246,24.60,0.000000,-nan(ind),inf,-inf
247,24.70,0.000000,-nan(ind),inf,-inf
248,24.80,0.000000,-nan(ind),inf,-inf
249,24.90,0.000000,-nan(ind),inf,-inf
250,25.00,0.000000,-nan(ind),inf,-inf
251,25.10,0.000000,-nan(ind),inf,-inf
252,25.20,0.000000,-nan(ind),inf,-inf
253,25.30,0.000000,-nan(ind),inf,-inf
254,25.40,0.000000,-nan(ind),inf,-inf
255,25.50,0.000000,-nan(ind),inf,-inf
256,25.60,0.000000,-nan(ind),inf,-inf
257,25.70,0.000000,-nan(ind),inf,-inf
258,25.80,0.000000,-nan(ind),inf,-inf
259,25.90,0.000000,-nan(ind),inf,-inf
260,26.00,0.000000,-nan(ind),inf,-inf
261,26.10,0.000000,-nan(ind),inf,-inf
262,26.20,0.000000,-nan(ind),inf,-inf
263,26.30,0.000000,-nan(ind),inf,-inf
264,26.40,0.000000,-nan(ind),inf,-inf
265,26.50,0.000000,-nan(ind),inf,-inf
266,26.60,0.000000,nan,inf,-inf
267,26.70,0.000000,-nan(ind),inf,-inf
268,26.80,0.000000,-nan(ind),inf,-inf
269,26.90,0.000000,-nan(ind),inf,-inf
270,27.00,0.000000,-nan(ind),inf,-inf
271,27.10,0.000000,-nan(ind),inf,-inf
272,27.20,0.000000,-nan(ind),inf,-inf
273,27.30,0.000000,-nan(ind),inf,-inf
274,27.40,0.000000,-nan(ind),inf,-inf
275,27.50,0.000000,-nan(ind),inf,-inf
276,27.60,0.000000,-nan(ind),inf,-inf
277,27.70,0.000000,-nan(ind),inf,-inf
278,27.80,0.000000,-nan(ind),inf,-inf
279,27.90,0.000000,-nan(ind),inf,-inf
280,28.00,0.000000,-nan(ind),inf,-inf
281,28.10,0.000000,-nan(ind),inf,-inf
282,28.20,0.000000,-nan(ind),inf,-inf
283,28.30,0.000000,-nan(ind),inf,-inf
284,28.40,0.000000,-nan(ind),inf,-inf
285,28.50,0.000000,-nan(ind),inf,-inf
286,28.60,0.000000,-nan(ind),inf,-inf
287,28.70,0.000000,-nan(ind),inf,-inf
288,28.80,0.000000,-nan(ind),inf,-inf
289,28.90,0.000000,-nan(ind),inf,-inf
290,29.00,0.000000,-nan(ind),inf,-inf
291,29.10,0.000000,-nan(ind),inf,-inf
292,29.20,0.000000,-nan(ind),inf,-inf
293,29.30,0.000000,-nan(ind),inf,-inf
294,29.40,0.000000,-nan(ind),inf,-inf
295,29.50,0.000000,-nan(ind),inf,-inf
296,29.60,0.000000,-nan(ind),inf,-inf
297,29.70,0.000000,-nan(ind),inf,-inf
298,29.80,0.000000,-nan(ind),inf,-inf
299,29.90,0.000000,-nan(ind),inf,-inf
300,30.00,0.000000,-nan(ind),inf,-inf
301,30.10,0.000000,-nan(ind),inf,-inf
302,30.20,0.000000,-nan(ind),inf,-inf
303,30.30,0.000000,-nan(ind),inf,-inf
304,30.40,0.000000,-nan(ind),inf,-inf
305,30.50,0.000000,-nan(ind),inf,-inf
306,30.60,0.000000,-nan(ind),inf,-inf
307,30.70,0.000000,-nan(ind),inf,-inf
308,30.80,0.000000,-nan(ind),inf,-inf
309,30.90,0.000000,-nan(ind),inf,-inf
310,31.00,0.000000,-nan(ind),inf,-inf
311,31.10,0.000000,-nan(ind),inf,-inf
312,31.20,0.000000,-nan(ind),inf,-inf
313,31.30,0.000000,-nan(ind),inf,-inf
314,31.40,0.000000,-nan(ind),inf,-inf
315,31.50,0.000000,-nan(ind),inf,-inf
316,31.60,0.000000,-nan(ind),inf,-inf
317,31.70,0.000000,-nan(ind),inf,-inf
318,31.80,0.000000,-nan(ind),inf,-inf
319,31.90,0.000000,-nan(ind),inf,-inf
320,32.00,0.000000,-nan(ind),inf,-inf
321,32.10,0.000000,-nan(ind),inf,-inf
322,32.20,0.000000,-nan(ind),inf,-inf
323,32.30,0.000000,-nan(ind),inf,-inf
324,32.40,0.000000,-nan(ind),inf,-inf
325,32.50,0.000000,-nan(ind),inf,-inf
326,32.60,0.000000,-nan(ind),inf,-inf
327,32.70,0.000000,-nan(ind),inf,-inf
328,32.80,0.000000,-nan(ind),inf,-inf
329,32.90,0.000000,-nan(ind),inf,-inf
330,33.00,0.000000,-nan(ind),inf,-inf
331,33.10,0.000000,-nan(ind),inf,-inf
332,33.20,0.000000,-nan(ind),inf,-inf
333,33.30,0.000000,-nan(ind),inf,-inf
334,33.40,0.000000,-nan(ind),inf,-inf
335,33.50,0.000000,-nan(ind),inf,-inf
336,33.60,0.000000,-nan(ind),inf,-inf
337,33.70,0.000000,-nan(ind),inf,-inf
338,33.80,0.000000,-nan(ind),inf,-inf
339,33.90,0.000000,-nan(ind),inf,-inf
340,34.00,0.000000,-nan(ind),inf,-inf
341,34.10,0.000000,-nan(ind),inf,-inf
342,34.20,0.000000,-nan(ind),inf,-inf
343,34.30,0.000000,-nan(ind),inf,-inf
344,34.40,0.000000,-nan(ind),inf,-inf
345,34.50,0.000000,-nan(ind),inf,-inf
346,34.60,0.000000,-nan(ind),inf,-inf
347,34.70,0.000000,-nan(ind),inf,-inf
348,34.80,0.000000,-nan(ind),inf,-inf
349,34.90,0.000000,-nan(ind),inf,-inf
350,35.00,0.000000,-nan(ind),inf,-inf
351,35.10,0.000000,-nan(ind),inf,-inf
352,35.20,0.000000,-nan(ind),inf,-inf
353,35.30,0.000000,-nan(ind),inf,-inf
354,35.40,0.000000,-nan(ind),inf,-inf
355,35.50,0.000000,-nan(ind),inf,-inf
356,35.60,0.000000,-nan(ind),inf,-inf
357,35.70,0.000000,-nan(ind),inf,-inf
358,35.80,0.000000,-nan(ind),inf,-inf
359,35.90,0.000000,-nan(ind),inf,-inf
360,36.00,0.000000,-nan(ind),inf,-inf
361,36.10,0.000000,-nan(ind),inf,-inf
362,36.20,0.000000,-nan(ind),inf,-inf
363,36.30,0.000000,-nan(ind),inf,-inf
364,36.40,0.000000,-nan(ind),inf,-inf
365,36.50,0.000000,-nan(ind),inf,-inf
366,36.60,0.000000,-nan(ind),inf,-inf
367,36.70,0.000000,-nan(ind),inf,-inf
368,36.80,0.000000,-nan(ind),inf,-inf
369,36.90,0.000000,-nan(ind),inf,-inf
370,37.00,0.000000,-nan(ind),inf,-inf
371,37.10,0.000000,-nan(ind),inf,-inf
372,37.20,0.000000,-nan(ind),inf,-inf
373,37.30,0.000000,-nan(ind),inf,-inf
374,37.40,0.000000,-nan(ind),inf,-inf
375,37.50,0.000000,-nan(ind),inf,-inf
376,37.60,0.000000,-nan(ind),inf,-inf
377,37.70,0.000000,-nan(ind),inf,-inf
378,37.80,0.000000,-nan(ind),inf,-inf
379,37.90,0.000000,-nan(ind),inf,-inf
380,38.00,0.000000,-nan(ind),inf,-inf
381,38.10,0.000000,-nan(ind),inf,-inf
382,38.20,0.000000,-nan(ind),inf,-inf
383,38.30,0.000000,-nan(ind),inf,-inf
384,38.40,0.000000,-nan(ind),inf,-inf
385,38.50,0.000000,-nan(ind),inf,-inf
386,38.60,0.000000,-nan(ind),inf,-inf
387,38.70,0.000000,-nan(ind),inf,-inf
388,38.80,0.000000,-nan(ind),inf,-inf
389,38.90,0.000000,-nan(ind),inf,-inf
390,39.00,0.000000,-nan(ind),inf,-inf
391,39.10,0.000000,-nan(ind),inf,-inf
392,39.20,0.000000,-nan(ind),inf,-inf
393,39.30,0.000000,-nan(ind),inf,-inf
394,39.40,0.000000,-nan(ind),inf,-inf
395,39.50,0.000000,-nan(ind),inf,-inf
396,39.60,0.000000,-nan(ind),inf,-inf
397,39.70,0.000000,-nan(ind),inf,-inf
398,39.80,0.000000,-nan(ind),inf,-inf
399,39.90,0.000000,-nan(ind),inf,-inf
400,40.00,0.000000,-nan(ind),inf,-inf
401,40.10,0.000000,-nan(ind),inf,-inf
402,40.20,0.000000,-nan(ind),inf,-inf
403,40.30,0.000000,-nan(ind),inf,-inf
404,40.40,0.000000,-nan(ind),inf,-inf
405,40.50,0.000000,-nan(ind),inf,-inf
406,40.60,0.000000,-nan(ind),inf,-inf
407,40.70,0.000000,-nan(ind),inf,-inf
408,40.80,0.000000,-nan(ind),inf,-inf
409,40.90,0.000000,-nan(ind),inf,-inf
410,41.00,0.000000,-nan(ind),inf,-inf
411,41.10,0.000000,-nan(ind),inf,-inf
412,41.20,0.000000,-nan(ind),inf,-inf
413,41.30,0.000000,-nan(ind),inf,-inf
414,41.40,0.000000,-nan(ind),inf,-inf
415,41.50,0.000000,-nan(ind),inf,-inf
416,41.60,0.000000,-nan(ind),inf,-inf
417,41.70,0.000000,-nan(ind),inf,-inf
418,41.80,0.000000,-nan(ind),inf,-inf
419,41.90,0.000000,-nan(ind),inf,-inf
420,42.00,0.000000,-nan(ind),inf,-inf
421,42.10,0.000000,-nan(ind),inf,-inf
422,42.20,0.000000,-nan(ind),inf,-inf
423,42.30,0.000000,-nan(ind),inf,-inf
424,42.40,0.000000,-nan(ind),inf,-inf
425,42.50,0.000000,-nan(ind),inf,-inf
426,42.60,0.000000,-nan(ind),inf,-inf
427,42.70,0.000000,-nan(ind),inf,-inf
428,42.80,0.000000,-nan(ind),inf,-inf
429,42.90,0.000000,-nan(ind),inf,-inf
430,43.00,0.000000,-nan(ind),inf,-inf
431,43.10,0.000000,-nan(ind),inf,-inf
432,43.20,0.000000,-nan(ind),inf,-inf
433,43.30,0.000000,-nan(ind),inf,-inf
434,43.40,0.000000,-nan(ind),inf,-inf
435,43.50,0.000000,-nan(ind),inf,-inf
436,43.60,0.000000,-nan(ind),inf,-inf
437,43.70,0.000000,-nan(ind),inf,-inf
438,43.80,0.000000,-nan(ind),inf,-inf
439,43.90,0.000000,-nan(ind),inf,-inf
440,44.00,0.000000,-nan(ind),inf,-inf
441,44.10,0.000000,-nan(ind),inf,-inf
442,44.20,0.000000,-nan(ind),inf,-inf
443,44.30,0.000000,-nan(ind),inf,-inf
444,44.40,0.000000,-nan(ind),inf,-inf
445,44.50,0.000000,-nan(ind),inf,-inf
446,44.60,0.000000,-nan(ind),inf,-inf
447,44.70,0.000000,-nan(ind),inf,-inf
448,44.80,0.000000,-nan(ind),inf,-inf
449,44.90,0.000000,-nan(ind),inf,-inf
450,45.00,0.000000,-nan(ind),inf,-inf
451,45.10,0.000000,-nan(ind),inf,-inf
452,45.20,0.000000,-nan(ind),inf,-inf
453,45.30,0.000000,-nan(ind),inf,-inf
454,45.40,0.000000,-nan(ind),inf,-inf
455,45.50,0.000000,-nan(ind),inf,-inf
456,45.60,0.000000,-nan(ind),inf,-inf
457,45.70,0.000000,-nan(ind),inf,-inf
458,45.80,0.000000,-nan(ind),inf,-inf
459,45.90,0.000000,-nan(ind),inf,-inf
460,46.00,0.000000,-nan(ind),inf,-inf
461,46.10,0.000000,-nan(ind),inf,-inf
462,46.20,0.000000,-nan(ind),inf,-inf
463,46.30,0.000000,-nan(ind),inf,-inf
464,46.40,0.000000,-nan(ind),inf,-inf
465,46.50,0.000000,-nan(ind),inf,-inf
466,46.60,0.000000,-nan(ind),inf,-inf
467,46.70,0.000000,-nan(ind),inf,-inf
468,46.80,0.000000,-nan(ind),inf,-inf
469,46.90,0.000000,-nan(ind),inf,-inf
470,47.00,0.000000,-nan(ind),inf,-inf
471,47.10,0.000000,-nan(ind),inf,-inf
472,47.20,0.000000,-nan(ind),inf,-inf
473,47.30,0.000000,-nan(ind),inf,-inf
474,47.40,0.000000,-nan(ind),inf,-inf
475,47.50,0.000000,-nan(ind),inf,-inf
476,47.60,0.000000,-nan(ind),inf,-inf
477,47.70,0.000000,-nan(ind),inf,-inf
478,47.80,0.000000,-nan(ind),inf,-inf
479,47.90,0.000000,-nan(ind),inf,-inf
480,48.00,0.000000,-nan(ind),inf,-inf
481,48.10,0.000000,-nan(ind),inf,-inf
482,48.20,0.000000,-nan(ind),inf,-inf
483,48.30,0.000000,-nan(ind),inf,-inf
484,48.40,0.000000,-nan(ind),inf,-inf
485,48.50,0.000000,-nan(ind),inf,-inf
486,48.60,0.000000,-nan(ind),inf,-inf
487,48.70,0.000000,-nan(ind),inf,-inf
488,48.80,0.000000,-nan(ind),inf,-inf
489,48.90,0.000000,-nan(ind),inf,-inf
490,49.00,0.000000,-nan(ind),inf,-inf
491,49.10,0.000000,-nan(ind),inf,-inf
492,49.20,0.000000,-nan(ind),inf,-inf
493,49.30,0.000000,-nan(ind),inf,-inf
494,49.40,0.000000,-nan(ind),inf,-inf
495,49.50,0.000000,-nan(ind),inf,-inf
496,49.60,0.000000,-nan(ind),inf,-inf
497,49.70,0.000000,-nan(ind),inf,-inf
498,49.80,0.000000,-nan(ind),inf,-inf
499,49.90,0.000000,-nan(ind),inf,-inf
500,50.00,0.000000,-nan(ind),inf,-inf
501,50.10,0.000000,-nan(ind),inf,-inf
502,50.20,0.000000,-nan(ind),inf,-inf
503,50.30,0.000000,-nan(ind),inf,-inf
504,50.40,0.000000,-nan(ind),inf,-inf
505,50.50,0.000000,-nan(ind),inf,-inf
506,50.60,0.000000,-nan(ind),inf,-inf
507,50.70,0.000000,-nan(ind),inf,-inf
508,50.80,0.000000,-nan(ind),inf,-inf
509,50.90,0.000000,-nan(ind),inf,-inf
510,51.00,0.000000,-nan(ind),inf,-inf
511,51.10,0.000000,-nan(ind),inf,-inf
512,51.20,0.000000,-nan(ind),inf,-inf
513,51.30,0.000000,-nan(ind),inf,-inf
514,51.40,0.000000,-nan(ind),inf,-inf
515,51.50,0.000000,-nan(ind),inf,-inf
516,51.60,0.000000,-nan(ind),inf,-inf
517,51.70,0.000000,-nan(ind),inf,-inf
518,51.80,0.000000,-nan(ind),inf,-inf
519,51.90,0.000000,-nan(ind),inf,-inf
520,52.00,0.000000,-nan(ind),inf,-inf
521,52.10,0.000000,-nan(ind),inf,-inf
522,52.20,0.000000,-nan(ind),inf,-inf
523,52.30,0.000000,-nan(ind),inf,-inf
524,52.40,0.000000,-nan(ind),inf,-inf
525,52.50,0.000000,-nan(ind),inf,-inf
526,52.60,0.000000,-nan(ind),inf,-inf
527,52.70,0.000000,-nan(ind),inf,-inf
528,52.80,0.000000,-nan(ind),inf,-inf
529,52.90,0.000000,-nan(ind),inf,-inf
530,53.00,0.000000,-nan(ind),inf,-inf
531,53.10,0.000000,-nan(ind),inf,-inf
532,53.20,0.000000,-nan(ind),inf,-inf
533,53.30,0.000000,-nan(ind),inf,-inf
534,53.40,0.000000,-nan(ind),inf,-inf
535,53.50,0.000000,-nan(ind),inf,-inf
536,53.60,0.000000,-nan(ind),inf,-inf
537,53.70,0.000000,-nan(ind),inf,-inf
538,53.80,0.000000,-nan(ind),inf,-inf
539,53.90,0.000000,-nan(ind),inf,-inf
540,54.00,0.000000,-nan(ind),inf,-inf
541,54.10,0.000000,-nan(ind),inf,-inf
542,54.20,0.000000,-nan(ind),inf,-inf
543,54.30,0.000000,-nan(ind),inf,-inf
544,54.40,0.000000,-nan(ind),inf,-inf
545,54.50,0.000000,-nan(ind),inf,-inf
546,54.60,0.000000,-nan(ind),inf,-inf
547,54.70,0.000000,-nan(ind),inf,-inf
548,54.80,0.000000,-nan(ind),inf,-inf
549,54.90,0.000000,-nan(ind),inf,-inf
550,55.00,0.000000,-nan(ind),inf,-inf
551,55.10,0.000000,-nan(ind),inf,-inf
552,55.20,0.000000,-nan(ind),inf,-inf
553,55.30,0.000000,-nan(ind),inf,-inf
554,55.40,0.000000,-nan(ind),inf,-inf
555,55.50,0.000000,-nan(ind),inf,-inf
556,55.60,0.000000,-nan(ind),inf,-inf
557,55.70,0.000000,-nan(ind),inf,-inf
558,55.80,0.000000,-nan(ind),inf,-inf
559,55.90,0.000000,-nan(ind),inf,-inf
560,56.00,0.000000,-nan(ind),inf,-inf
561,56.10,0.000000,-nan(ind),inf,-inf
562,56.20,0.000000,-nan(ind),inf,-inf
563,56.30,0.000000,-nan(ind),inf,-inf
564,56.40,0.000000,-nan(ind),inf,-inf
565,56.50,0.000000,-nan(ind),inf,-inf
566,56.60,0.000000,-nan(ind),inf,-inf
567,56.70,0.000000,-nan(ind),inf,-inf
568,56.80,0.000000,-nan(ind),inf,-inf
569,56.90,0.000000,-nan(ind),inf,-inf
570,57.00,0.000000,-nan(ind),inf,-inf
571,57.10,0.000000,-nan(ind),inf,-inf
572,57.20,0.000000,-nan(ind),inf,-inf
573,57.30,0.000000,-nan(ind),inf,-inf
574,57.40,0.000000,-nan(ind),inf,-inf
575,57.50,0.000000,-nan(ind),inf,-inf
576,57.60,0.000000,-nan(ind),inf,-inf
577,57.70,0.000000,-nan(ind),inf,-inf
578,57.80,0.000000,-nan(ind),inf,-inf
579,57.90,0.000000,-nan(ind),inf,-inf
580,58.00,0.000000,-nan(ind),inf,-inf
581,58.10,0.000000,-nan(ind),inf,-inf
582,58.20,0.000000,-nan(ind),inf,-inf
583,58.30,0.000000,-nan(ind),inf,-inf
584,58.40,0.000000,-nan(ind),inf,-inf
585,58.50,0.000000,-nan(ind),inf,-inf
586,58.60,0.000000,-nan(ind),inf,-inf
587,58.70,0.000000,-nan(ind),inf,-inf
588,58.80,0.000000,-nan(ind),inf,-inf
589,58.90,0.000000,-nan(ind),inf,-inf
590,59.00,0.000000,-nan(ind),inf,-inf
591,59.10,0.000000,-nan(ind),inf,-inf
592,59.20,0.000000,-nan(ind),inf,-inf
593,59.30,0.000000,-nan(ind),inf,-inf
594,59.40,0.000000,-nan(ind),inf,-inf
595,59.50,0.000000,-nan(ind),inf,-inf
596,59.60,0.000000,-nan(ind),inf,-inf
597,59.70,0.000000,-nan(ind),inf,-inf
598,59.80,0.000000,-nan(ind),inf,-inf
599,59.90,0.000000,-nan(ind),inf,-inf
600,60.00,0.000000,-nan(ind),inf,-inf
601,60.10,0.000000,-nan(ind),inf,-inf
602,60.20,0.000000,-nan(ind),inf,-inf
603,60.30,0.000000,-nan(ind),inf,-inf
604,60.40,0.000000,-nan(ind),inf,-inf
605,60.50,0.000000,-nan(ind),inf,-inf
606,60.60,0.000000,-nan(ind),inf,-inf
607,60.70,0.000000,-nan(ind),inf,-inf
608,60.80,0.000000,-nan(ind),inf,-inf
609,60.90,0.000000,-nan(ind),inf,-inf
610,61.00,0.000000,-nan(ind),inf,-inf
611,61.10,0.000000,-nan(ind),inf,-inf
612,61.20,0.000000,-nan(ind),inf,-inf
613,61.30,0.000000,-nan(ind),inf,-inf
614,61.40,0.000000,-nan(ind),inf,-inf
615,61.50,0.000000,-nan(ind),inf,-inf
616,61.60,0.000000,-nan(ind),inf,-inf
617,61.70,0.000000,-nan(ind),inf,-inf
618,61.80,0.000000,-nan(ind),inf,-inf
619,61.90,0.000000,-nan(ind),inf,-inf
620,62.00,0.000000,-nan(ind),inf,-inf
621,62.10,0.000000,-nan(ind),inf,-inf
622,62.20,0.000000,-nan(ind),inf,-inf
623,62.30,0.000000,-nan(ind),inf,-inf
624,62.40,0.000000,-nan(ind),inf,-inf
625,62.50,0.000000,-nan(ind),inf,-inf
626,62.60,0.000000,-nan(ind),inf,-inf
627,62.70,0.000000,-nan(ind),inf,-inf
628,62.80,0.000000,-nan(ind),inf,-inf
629,62.90,0.000000,-nan(ind),inf,-inf
630,63.00,0.000000,-nan(ind),inf,-inf
631,63.10,0.000000,-nan(ind),inf,-inf
632,63.20,0.000000,-nan(ind),inf,-inf
633,63.30,0.000000,-nan(ind),inf,-inf
634,63.40,0.000000,-nan(ind),inf,-inf
635,63.50,0.000000,-nan(ind),inf,-inf
636,63.60,0.000000,-nan(ind),inf,-inf
637,63.70,0.000000,-nan(ind),inf,-inf
638,63.80,0.000000,-nan(ind),inf,-inf
639,63.90,0.000000,-nan(ind),inf,-inf
640,64.00,0.000000,-nan(ind),inf,-inf
641,64.10,0.000000,-nan(ind),inf,-inf
642,64.20,0.000000,-nan(ind),inf,-inf
643,64.30,0.000000,-nan(ind),inf,-inf
644,64.40,0.000000,-nan(ind),inf,-inf
645,64.50,0.000000,-nan(ind),inf,-inf
646,64.60,0.000000,nan,inf,-inf
647,64.70,0.000000,-nan(ind),inf,-inf
648,64.80,0.000000,-nan(ind),inf,-inf
649,64.90,0.000000,-nan(ind),inf,-inf
650,65.00,0.000000,-nan(ind),inf,-inf
651,65.10,0.000000,-nan(ind),inf,-inf
652,65.20,0.000000,-nan(ind),inf,-inf
653,65.30,0.000000,-nan(ind),inf,-inf
654,65.40,0.000000,-nan(ind),inf,-inf
655,65.50,0.000000,-nan(ind),inf,-inf
656,65.60,0.000000,-nan(ind),inf,-inf
657,65.70,0.000000,-nan(ind),inf,-inf
658,65.80,0.000000,-nan(ind),inf,-inf
659,65.90,0.000000,-nan(ind),inf,-inf
660,66.00,0.000000,-nan(ind),inf,-inf
661,66.10,0.000000,-nan(ind),inf,-inf
662,66.20,0.000000,-nan(ind),inf,-inf
663,66.30,0.000000,-nan(ind),inf,-inf
664,66.40,0.000000,-nan(ind),inf,-inf
665,66.50,0.000000,-nan(ind),inf,-inf
666,66.60,0.000000,-nan(ind),inf,-inf
667,66.70,0.000000,-nan(ind),inf,-inf
668,66.80,0.000000,-nan(ind),inf,-inf
669,66.90,0.000000,-nan(ind),inf,-inf
670,67.00,0.000000,-nan(ind),inf,-inf
671,67.10,0.000000,-nan(ind),inf,-inf
672,67.20,0.000000,-nan(ind),inf,-inf
673,67.30,0.000000,-nan(ind),inf,-inf
674,67.40,0.000000,-nan(ind),inf,-inf
675,67.50,0.000000,-nan(ind),inf,-inf
676,67.60,0.000000,-nan(ind),inf,-inf
677,67.70,0.000000,-nan(ind),inf,-inf
678,67.80,0.000000,-nan(ind),inf,-inf
679,67.90,0.000000,-nan(ind),inf,-inf
680,68.00,0.000000,-nan(ind),inf,-inf
681,68.10,0.000000,-nan(ind),inf,-inf
682,68.20,0.000000,-nan(ind),inf,-inf
683,68.30,0.000000,-nan(ind),inf,-inf
684,68.40,0.000000,-nan(ind),inf,-inf
685,68.50,0.000000,-nan(ind),inf,-inf
686,68.60,0.000000,-nan(ind),inf,-inf
687,68.70,0.000000,-nan(ind),inf,-inf
688,68.80,0.000000,-nan(ind),inf,-inf
689,68.90,0.000000,-nan(ind),inf,-inf
690,69.00,0.000000,-nan(ind),inf,-inf
691,69.10,0.000000,-nan(ind),inf,-inf
692,69.20,0.000000,-nan(ind),inf,-inf
693,69.30,0.000000,-nan(ind),inf,-inf
694,69.40,0.000000,-nan(ind),inf,-inf
695,69.50,0.000000,-nan(ind),inf,-inf
696,69.60,0.000000,-nan(ind),inf,-inf
697,69.70,0.000000,-nan(ind),inf,-inf
698,69.80,0.000000,-nan(ind),inf,-inf
699,69.90,0.000000,-nan(ind),inf,-inf
700,70.00,0.000000,-nan(ind),inf,-inf
701,70.10,0.000000,-nan(ind),inf,-inf
702,70.20,0.000000,-nan(ind),inf,-inf
703,70.30,0.000000,-nan(ind),inf,-inf
704,70.40,0.000000,-nan(ind),inf,-inf
705,70.50,0.000000,-nan(ind),inf,-inf
706,70.60,0.000000,-nan(ind),inf,-inf
707,70.70,0.000000,-nan(ind),inf,-inf
708,70.80,0.000000,-nan(ind),inf,-inf
709,70.90,0.000000,-nan(ind),inf,-inf
710,71.00,0.000000,-nan(ind),inf,-inf
711,71.10,0.000000,-nan(ind),inf,-inf
712,71.20,0.000000,-nan(ind),inf,-inf
713,71.30,0.000000,-nan(ind),inf,-inf
714,71.40,0.000000,-nan(ind),inf,-inf
715,71.50,0.000000,-nan(ind),inf,-inf
716,71.60,0.000000,-nan(ind),inf,-inf
717,71.70,0.000000,-nan(ind),inf,-inf
718,71.80,0.000000,-nan(ind),inf,-inf
719,71.90,0.000000,-nan(ind),inf,-inf
720,72.00,0.000000,-nan(ind),inf,-inf
721,72.10,0.000000,-nan(ind),inf,-inf
722,72.20,0.000000,-nan(ind),inf,-inf
723,72.30,0.000000,-nan(ind),inf,-inf
724,72.40,0.000000,-nan(ind),inf,-inf
725,72.50,0.000000,-nan(ind),inf,-inf
726,72.60,0.000000,-nan(ind),inf,-inf
727,72.70,0.000000,-nan(ind),inf,-inf
728,72.80,0.000000,-nan(ind),inf,-inf
729,72.90,0.000000,-nan(ind),inf,-inf
730,73.00,0.000000,-nan(ind),inf,-inf
731,73.10,0.000000,-nan(ind),inf,-inf
732,73.20,0.000000,-nan(ind),inf,-inf
733,73.30,0.000000,-nan(ind),inf,-inf
734,73.40,0.000000,-nan(ind),inf,-inf
735,73.50,0.000000,-nan(ind),inf,-inf
736,73.60,0.000000,-nan(ind),inf,-inf
737,73.70,0.000000,-nan(ind),inf,-inf
738,73.80,0.000000,-nan(ind),inf,-inf
739,73.90,0.000000,-nan(ind),inf,-inf
740,74.00,0.000000,-nan(ind),inf,-inf
741,74.10,0.000000,-nan(ind),inf,-inf
742,74.20,0.000000,-nan(ind),inf,-inf
743,74.30,0.000000,-nan(ind),inf,-inf
744,74.40,0.000000,-nan(ind),inf,-inf
745,74.50,0.000000,-nan(ind),inf,-inf
746,74.60,0.000000,-nan(ind),inf,-inf
747,74.70,0.000000,-nan(ind),inf,-inf
748,74.80,0.000000,-nan(ind),inf,-inf
749,74.90,0.000000,-nan(ind),inf,-inf
750,75.00,0.000000,-nan(ind),inf,-inf
751,75.10,0.000000,-nan(ind),inf,-inf
752,75.20,0.000000,-nan(ind),inf,-inf
753,75.30,0.000000,-nan(ind),inf,-inf
754,75.40,0.000000,-nan(ind),inf,-inf
755,75.50,0.000000,-nan(ind),inf,-inf
756,75.60,0.000000,-nan(ind),inf,-inf
757,75.70,0.000000,-nan(ind),inf,-inf
758,75.80,0.000000,-nan(ind),inf,-inf
759,75.90,0.000000,-nan(ind),inf,-inf
760,76.00,0.000000,-nan(ind),inf,-inf
761,76.10,0.000000,-nan(ind),inf,-inf
762,76.20,0.000000,-nan(ind),inf,-inf
763,76.30,0.000000,-nan(ind),inf,-inf
764,76.40,0.000000,-nan(ind),inf,-inf
765,76.50,0.000000,-nan(ind),inf,-inf
766,76.60,0.000000,-nan(ind),inf,-inf
767,76.70,0.000000,-nan(ind),inf,-inf
768,76.80,0.000000,-nan(ind),inf,-inf
769,76.90,0.000000,-nan(ind),inf,-inf
770,77.00,0.000000,-nan(ind),inf,-inf
771,77.10,0.000000,-nan(ind),inf,-inf
772,77.20,0.000000,-nan(ind),inf,-inf
773,77.30,0.000000,-nan(ind),inf,-inf
774,77.40,0.000000,-nan(ind),inf,-inf
775,77.50,0.000000,-nan(ind),inf,-inf
776,77.60,0.000000,-nan(ind),inf,-inf
777,77.70,0.000000,-nan(ind),inf,-inf
778,77.80,0.000000,-nan(ind),inf,-inf
779,77.90,0.000000,-nan(ind),inf,-inf
780,78.00,0.000000,-nan(ind),inf,-inf
781,78.10,0.000000,-nan(ind),inf,-inf
782,78.20,0.000000,-nan(ind),inf,-inf
783,78.30,0.000000,-nan(ind),inf,-inf
784,78.40,0.000000,-nan(ind),inf,-inf
785,78.50,0.000000,-nan(ind),inf,-inf
786,78.60,0.000000,-nan(ind),inf,-inf
787,78.70,0.000000,-nan(ind),inf,-inf
788,78.80,0.000000,-nan(ind),inf,-inf
789,78.90,0.000000,-nan(ind),inf,-inf
790,79.00,0.000000,-nan(ind),inf,-inf
791,79.10,0.000000,-nan(ind),inf,-inf
792,79.20,0.000000,-nan(ind),inf,-inf
793,79.30,0.000000,-nan(ind),inf,-inf
794,79.40,0.000000,-nan(ind),inf,-inf
795,79.50,0.000000,-nan(ind),inf,-inf
796,79.60,0.000000,-nan(ind),inf,-inf
797,79.70,0.000000,-nan(ind),inf,-inf
798,79.80,0.000000,-nan(ind),inf,-inf
799,79.90,0.000000,-nan(ind),inf,-inf
800,80.00,0.000000,-nan(ind),inf,-inf
801,80.10,0.000000,-nan(ind),inf,-inf
802,80.20,0.000000,-nan(ind),inf,-inf
803,80.30,0.000000,-nan(ind),inf,-inf
804,80.40,0.000000,-nan(ind),inf,-inf
805,80.50,0.000000,-nan(ind),inf,-inf
806,80.60,0.000000,-nan(ind),inf,-inf
807,80.70,0.000000,-nan(ind),inf,-inf
808,80.80,0.000000,-nan(ind),inf,-inf
809,80.90,0.000000,-nan(ind),inf,-inf
810,81.00,0.000000,-nan(ind),inf,-inf
811,81.10,0.000000,-nan(ind),inf,-inf
812,81.20,0.000000,-nan(ind),inf,-inf
813,81.30,0.000000,-nan(ind),inf,-inf
814,81.40,0.000000,-nan(ind),inf,-inf
815,81.50,0.000000,-nan(ind),inf,-inf
816,81.60,0.000000,-nan(ind),inf,-inf
817,81.70,0.000000,-nan(ind),inf,-inf
818,81.80,0.000000,-nan(ind),inf,-inf
819,81.90,0.000000,-nan(ind),inf,-inf
820,82.00,0.000000,-nan(ind),inf,-inf
821,82.10,0.000000,-nan(ind),inf,-inf
822,82.20,0.000000,-nan(ind),inf,-inf
823,82.30,0.000000,-nan(ind),inf,-inf
824,82.40,0.000000,-nan(ind),inf,-inf
825,82.50,0.000000,-nan(ind),inf,-inf
826,82.60,0.000000,-nan(ind),inf,-inf
827,82.70,0.000000,-nan(ind),inf,-inf
828,82.80,0.000000,-nan(ind),inf,-inf
829,82.90,0.000000,-nan(ind),inf,-inf
830,83.00,0.000000,-nan(ind),inf,-inf
831,83.10,0.000000,-nan(ind),inf,-inf
832,83.20,0.000000,-nan(ind),inf,-inf
833,83.30,0.000000,-nan(ind),inf,-inf
834,83.40,0.000000,-nan(ind),inf,-inf
835,83.50,0.000000,-nan(ind),inf,-inf
836,83.60,0.000000,-nan(ind),inf,-inf
837,83.70,0.000000,-nan(ind),inf,-inf
838,83.80,0.000000,-nan(ind),inf,-inf
839,83.90,0.000000,-nan(ind),inf,-inf
840,84.00,0.000000,-nan(ind),inf,-inf
841,84.10,0.000000,-nan(ind),inf,-inf
842,84.20,0.000000,-nan(ind),inf,-inf
843,84.30,0.000000,-nan(ind),inf,-inf
844,84.40,0.000000,-nan(ind),inf,-inf
845,84.50,0.000000,-nan(ind),inf,-inf
846,84.60,0.000000,-nan(ind),inf,-inf
847,84.70,0.000000,-nan(ind),inf,-inf
848,84.80,0.000000,-nan(ind),inf,-inf
849,84.90,0.000000,-nan(ind),inf,-inf
850,85.00,0.000000,-nan(ind),inf,-inf
851,85.10,0.000000,-nan(ind),inf,-inf
852,85.20,0.000000,-nan(ind),inf,-inf
853,85.30,0.000000,-nan(ind),inf,-inf
854,85.40,0.000000,-nan(ind),inf,-inf
855,85.50,0.000000,-nan(ind),inf,-inf
856,85.60,0.000000,-nan(ind),inf,-inf
857,85.70,0.000000,-nan(ind),inf,-inf
858,85.80,0.000000,-nan(ind),inf,-inf
859,85.90,0.000000,-nan(ind),inf,-inf
860,86.00,0.000000,-nan(ind),inf,-inf
861,86.10,0.000000,-nan(ind),inf,-inf
862,86.20,0.000000,-nan(ind),inf,-inf
863,86.30,0.000000,-nan(ind),inf,-inf
864,86.40,0.000000,-nan(ind),inf,-inf
865,86.50,0.000000,-nan(ind),inf,-inf
866,86.60,0.000000,-nan(ind),inf,-inf
867,86.70,0.000000,-nan(ind),inf,-inf
868,86.80,0.000000,-nan(ind),inf,-inf
869,86.90,0.000000,-nan(ind),inf,-inf
870,87.00,0.000000,-nan(ind),inf,-inf
871,87.10,0.000000,-nan(ind),inf,-inf
872,87.20,0.000000,-nan(ind),inf,-inf
873,87.30,0.000000,-nan(ind),inf,-inf
874,87.40,0.000000,-nan(ind),inf,-inf
875,87.50,0.000000,-nan(ind),inf,-inf
876,87.60,0.000000,-nan(ind),inf,-inf
877,87.70,0.000000,-nan(ind),inf,-inf
878,87.80,0.000000,-nan(ind),inf,-inf
879,87.90,0.000000,-nan(ind),inf,-inf
880,88.00,0.000000,-nan(ind),inf,-inf
881,88.10,0.000000,-nan(ind),inf,-inf
882,88.20,0.000000,-nan(ind),inf,-inf
883,88.30,0.000000,-nan(ind),inf,-inf
884,88.40,0.000000,-nan(ind),inf,-inf
885,88.50,0.000000,-nan(ind),inf,-inf
886,88.60,0.000000,-nan(ind),inf,-inf
887,88.70,0.000000,-nan(ind),inf,-inf
888,88.80,0.000000,-nan(ind),inf,-inf
889,88.90,0.000000,-nan(ind),inf,-inf
890,89.00,0.000000,-nan(ind),inf,-inf
891,89.10,0.000000,-nan(ind),inf,-inf
892,89.20,0.000000,-nan(ind),inf,-inf
893,89.30,0.000000,-nan(ind),inf,-inf
894,89.40,0.000000,-nan(ind),inf,-inf
895,89.50,0.000000,-nan(ind),inf,-inf
896,89.60,0.000000,-nan(ind),inf,-inf
897,89.70,0.000000,-nan(ind),inf,-inf
898,89.80,0.000000,-nan(ind),inf,-inf
899,89.90,0.000000,-nan(ind),inf,-inf
900,90.00,0.000000,-nan(ind),inf,-inf
901,90.10,0.000000,-nan(ind),inf,-inf
902,90.20,0.000000,-nan(ind),inf,-inf
903,90.30,0.000000,-nan(ind),inf,-inf
904,90.40,0.000000,-nan(ind),inf,-inf
905,90.50,0.000000,-nan(ind),inf,-inf
906,90.60,0.000000,-nan(ind),inf,-inf
907,90.70,0.000000,-nan(ind),inf,-inf
908,90.80,0.000000,-nan(ind),inf,-inf
909,90.90,0.000000,-nan(ind),inf,-inf
910,91.00,0.000000,-nan(ind),inf,-inf
911,91.10,0.000000,-nan(ind),inf,-inf
912,91.20,0.000000,-nan(ind),inf,-inf
913,91.30,0.000000,-nan(ind),inf,-inf
914,91.40,0.000000,-nan(ind),inf,-inf
915,91.50,0.000000,-nan(ind),inf,-inf
916,91.60,0.000000,-nan(ind),inf,-inf
917,91.70,0.000000,-nan(ind),inf,-inf
918,91.80,0.000000,-nan(ind),inf,-inf
919,91.90,0.000000,-nan(ind),inf,-inf
920,92.00,0.000000,-nan(ind),inf,-inf
921,92.10,0.000000,-nan(ind),inf,-inf
922,92.20,0.000000,-nan(ind),inf,-inf
923,92.30,0.000000,-nan(ind),inf,-inf
924,92.40,0.000000,-nan(ind),inf,-inf
925,92.50,0.000000,-nan(ind),inf,-inf
926,92.60,0.000000,-nan(ind),inf,-inf
927,92.70,0.000000,-nan(ind),inf,-inf
928,92.80,0.000000,-nan(ind),inf,-inf
929,92.90,0.000000,-nan(ind),inf,-inf
930,93.00,0.000000,-nan(ind),inf,-inf
931,93.10,0.000000,-nan(ind),inf,-inf
932,93.20,0.000000,-nan(ind),inf,-inf
933,93.30,0.000000,-nan(ind),inf,-inf
934,93.40,0.000000,-nan(ind),inf,-inf
935,93.50,0.000000,-nan(ind),inf,-inf
936,93.60,0.000000,-nan(ind),inf,-inf
937,93.70,0.000000,-nan(ind),inf,-inf
938,93.80,0.000000,-nan(ind),inf,-inf
939,93.90,0.000000,-nan(ind),inf,-inf
940,94.00,0.000000,-nan(ind),inf,-inf
941,94.10,0.000000,-nan(ind),inf,-inf
942,94.20,0.000000,-nan(ind),inf,-inf
943,94.30,0.000000,-nan(ind),inf,-inf
944,94.40,0.000000,-nan(ind),inf,-inf
945,94.50,0.000000,-nan(ind),inf,-inf
946,94.60,0.000000,-nan(ind),inf,-inf
947,94.70,0.000000,-nan(ind),inf,-inf
948,94.80,0.000000,-nan(ind),inf,-inf
949,94.90,0.000000,-nan(ind),inf,-inf
950,95.00,0.000000,-nan(ind),inf,-inf
951,95.10,0.000000,-nan(ind),inf,-inf
952,95.20,0.000000,-nan(ind),inf,-inf
953,95.30,0.000000,-nan(ind),inf,-inf
954,95.40,0.000000,-nan(ind),inf,-inf
955,95.50,0.000000,-nan(ind),inf,-inf
956,95.60,0.000000,-nan(ind),inf,-inf
957,95.70,0.000000,-nan(ind),inf,-inf
958,95.80,0.000000,-nan(ind),inf,-inf
959,95.90,0.000000,-nan(ind),inf,-inf
960,96.00,0.000000,-nan(ind),inf,-inf
961,96.10,0.000000,-nan(ind),inf,-inf
962,96.20,0.000000,-nan(ind),inf,-inf
963,96.30,0.000000,-nan(ind),inf,-inf
964,96.40,0.000000,-nan(ind),inf,-inf
965,96.50,0.000000,-nan(ind),inf,-inf
966,96.60,0.000000,-nan(ind),inf,-inf
967,96.70,0.000000,-nan(ind),inf,-inf
968,96.80,0.000000,-nan(ind),inf,-inf
969,96.90,0.000000,-nan(ind),inf,-inf
970,97.00,0.000000,-nan(ind),inf,-inf
971,97.10,0.000000,-nan(ind),inf,-inf
972,97.20,0.000000,-nan(ind),inf,-inf
973,97.30,0.000000,-nan(ind),inf,-inf
974,97.40,0.000000,-nan(ind),inf,-inf
975,97.50,0.000000,-nan(ind),inf,-inf
976,97.60,0.000000,-nan(ind),inf,-inf
977,97.70,0.000000,-nan(ind),inf,-inf
978,97.80,0.000000,-nan(ind),inf,-inf
979,97.90,0.000000,-nan(ind),inf,-inf
980,98.00,0.000000,-nan(ind),inf,-inf
981,98.10,0.000000,-nan(ind),inf,-inf
982,98.20,0.000000,-nan(ind),inf,-inf
983,98.30,0.000000,-nan(ind),inf,-inf
984,98.40,0.000000,-nan(ind),inf,-inf
985,98.50,0.000000,-nan(ind),inf,-inf
986,98.60,0.000000,-nan(ind),inf,-inf
987,98.70,0.000000,-nan(ind),inf,-inf
988,98.80,0.000000,-nan(ind),inf,-inf
989,98.90,0.000000,-nan(ind),inf,-inf
990,99.00,0.000000,-nan(ind),inf,-inf
991,99.10,0.000000,-nan(ind),inf,-inf
992,99.20,0.000000,-nan(ind),inf,-inf
993,99.30,0.000000,-nan(ind),inf,-inf
994,99.40,0.000000,-nan(ind),inf,-inf
995,99.50,0.000000,-nan(ind),inf,-inf
996,99.60,0.000000,-nan(ind),inf,-inf
997,99.70,0.000000,-nan(ind),inf,-inf
998,99.80,0.000000,-nan(ind),inf,-inf
999,99.90,0.000000,-nan(ind),inf,-inf
